,T,N,p,k,I,f,life_hi,life_lo,om_hi,om_lo,dt
0,800,500,25.0,3.0,1.25,0.1,80.40201005025125,80.40201005025125,0.08,0.08,0.5
1,800,500,25.0,3.0,1.25,0.1,153.2663316582915,153.2663316582915,0.05333333333333334,0.05333333333333334,0.5
2,800,500,25.0,3.0,1.25,0.1,160.8040201005025,160.8040201005025,0.05333333333333334,0.05333333333333334,0.5
3,800,500,25.0,3.0,1.25,0.1,148.2412060301508,148.2412060301508,0.08,0.08,0.5
4,800,500,25.0,3.0,1.25,0.1,0.0,0.0,0.02666666666666667,0.02666666666666667,0.5
5,800,500,25.0,3.0,1.25,0.1,72.8643216080402,72.8643216080402,0.05333333333333334,0.05333333333333334,0.5
6,800,500,25.0,3.0,1.25,0.1,40.20100502512565,40.20100502512565,0.08,0.08,0.5
7,800,500,25.0,3.0,1.25,0.1,52.7638190954774,52.7638190954774,0.05333333333333334,0.05333333333333334,0.5
8,800,500,25.0,3.0,1.25,0.1,500.0,500.0,0.08,0.08,0.5
9,800,500,25.0,3.0,1.25,0.1,95.4773869346734,95.4773869346734,0.05333333333333334,0.05333333333333334,0.5
10,800,500,25.0,3.0,1.25,0.1,95.4773869346734,95.4773869346734,0.05333333333333334,0.05333333333333334,0.5
11,800,500,10.0,3.5,0.25,0.1,0.0,500.0,0.0,0.0,0.5
12,800,500,10.0,3.5,0.25,0.1,0.0,500.0,0.0,0.0,0.5
13,800,500,10.0,3.5,0.25,0.1,0.0,500.0,0.0,0.0,0.5
14,800,500,10.0,3.5,0.25,0.1,0.0,500.0,0.0,0.0,0.5
15,800,500,10.0,3.5,0.25,0.1,0.0,500.0,0.0,0.0,0.5
16,800,500,10.0,3.5,0.25,0.1,0.0,500.0,0.0,0.0,0.5
17,800,500,10.0,3.5,0.25,0.1,0.0,500.0,0.0,0.0,0.5
18,800,500,10.0,3.5,0.25,0.1,0.0,500.0,0.0,0.0,0.5
19,800,500,10.0,3.5,0.25,0.1,0.0,500.0,0.0,0.0,0.5
20,800,500,10.0,3.5,0.25,0.1,0.0,500.0,0.0,0.0,0.5
21,800,500,10.0,3.5,0.25,0.1,0.0,500.0,0.0,0.0,0.5
22,800,500,10.0,3.0,0.25,0.1,0.0,0.0,0.0,0.0,0.5
23,800,500,10.0,3.0,0.25,0.1,0.0,500.0,0.0,0.0,0.5
24,800,500,10.0,3.0,0.25,0.1,0.0,0.0,0.0,0.0,0.5
25,800,500,10.0,3.0,0.25,0.1,0.0,0.0,0.0,0.0,0.5
26,800,500,10.0,3.0,0.25,0.1,0.0,0.0,0.0,0.0,0.5
27,800,500,10.0,3.0,0.25,0.1,0.0,500.0,0.0,0.0,0.5
28,800,500,10.0,3.0,0.25,0.1,0.0,500.0,0.0,0.0,0.5
29,800,500,10.0,3.0,0.25,0.1,0.0,500.0,0.0,0.0,0.5
30,800,500,10.0,3.0,0.25,0.1,0.0,500.0,0.0,0.0,0.5
31,800,500,10.0,3.0,0.25,0.1,0.0,0.0,0.0,0.0,0.5
32,800,500,10.0,3.0,0.25,0.1,0.0,0.0,0.0,0.0,0.5
33,800,500,10.0,2.5,0.25,0.1,0.0,0.0,0.0,0.0,0.5
34,800,500,10.0,2.5,0.25,0.1,0.0,0.0,0.0,0.0,0.5
35,800,500,10.0,2.5,0.25,0.1,0.0,0.0,0.0,0.0,0.5
36,800,500,10.0,2.5,0.25,0.1,0.0,0.0,0.0,0.0,0.5
37,800,500,10.0,2.5,0.25,0.1,0.0,0.0,0.0,0.0,0.5
38,800,500,10.0,2.5,0.25,0.1,0.0,0.0,0.0,0.0,0.5
39,800,500,10.0,2.5,0.25,0.1,0.0,0.0,0.0,0.0,0.5
40,800,500,10.0,2.5,0.25,0.1,0.0,0.0,0.0,0.0,0.5
41,800,500,10.0,2.5,0.25,0.1,0.0,0.0,0.0,0.0,0.5
42,800,500,10.0,2.5,0.25,0.1,0.0,0.0,0.0,0.0,0.5
43,800,500,10.0,2.5,0.25,0.1,0.0,0.0,0.0,0.0,0.5
44,800,500,25.0,2.0,0.75,0.1,30.150753768844197,30.150753768844197,0.08,0.08,0.5
45,800,500,25.0,2.0,0.75,0.1,0.0,0.0,0.0,0.0,0.5
46,800,500,25.0,2.0,0.75,0.1,0.0,0.0,0.0,0.0,0.5
47,800,500,25.0,2.0,0.75,0.1,500.0,500.0,0.02666666666666667,0.02666666666666667,0.5
48,800,500,25.0,2.0,0.75,0.1,30.150753768844197,30.150753768844197,0.02666666666666667,0.02666666666666667,0.5
49,800,500,25.0,2.0,0.75,0.1,500.0,500.0,0.08,0.08,0.5
50,800,500,25.0,2.0,0.75,0.1,500.0,500.0,0.08,0.08,0.5
51,800,500,25.0,2.0,0.75,0.1,0.0,0.0,0.0,0.0,0.5
52,800,500,25.0,2.0,0.75,0.1,0.0,0.0,0.08,0.08,0.5
53,800,500,25.0,2.0,0.75,0.1,0.0,0.0,0.0,0.0,0.5
54,800,500,25.0,2.0,0.75,0.1,0.0,0.0,0.0,0.0,0.5
55,800,500,10.0,2.0,1.25,0.1,0.0,0.0,0.05333333333333334,0.05333333333333334,0.5
56,800,500,10.0,2.0,1.25,0.1,0.0,0.0,0.0,0.0,0.5
57,800,500,10.0,2.0,1.25,0.1,0.0,0.0,0.0,0.0,0.5
58,800,500,10.0,2.0,1.25,0.1,0.0,0.0,0.0,0.0,0.5
59,800,500,10.0,2.0,1.25,0.1,0.0,0.0,0.02666666666666667,0.02666666666666667,0.5
60,800,500,10.0,2.0,1.25,0.1,0.0,0.0,0.0,0.0,0.5
61,800,500,10.0,2.0,1.25,0.1,0.0,0.0,0.0,0.0,0.5
62,800,500,10.0,2.0,1.25,0.1,0.0,0.0,0.0,0.0,0.5
63,800,500,10.0,2.0,1.25,0.1,2.5125628140703498,2.5125628140703498,0.02666666666666667,0.02666666666666667,0.5
64,800,500,10.0,2.0,1.25,0.1,0.0,0.0,0.0,0.0,0.5
65,800,500,10.0,2.0,1.25,0.1,0.0,0.0,0.0,0.0,0.5
66,800,500,25.0,2.5,1.5,0.1,500.0,500.0,0.05333333333333334,0.05333333333333334,0.5
67,800,500,25.0,2.5,1.5,0.1,0.0,0.0,0.0,0.0,0.5
68,800,500,25.0,2.5,1.5,0.1,0.0,0.0,0.0,0.0,0.5
69,800,500,25.0,2.5,1.5,0.1,0.0,0.0,0.02666666666666667,0.02666666666666667,0.5
70,800,500,25.0,2.5,1.5,0.1,271.356783919598,271.356783919598,0.05333333333333334,0.05333333333333334,0.5
71,800,500,25.0,2.5,1.5,0.1,40.20100502512565,40.20100502512565,0.05333333333333334,0.05333333333333334,0.5
72,800,500,25.0,2.5,1.5,0.1,0.0,0.0,0.02666666666666667,0.02666666666666667,0.5
73,800,500,25.0,2.5,1.5,0.1,0.0,0.0,0.08,0.08,0.5
74,800,500,25.0,2.5,1.5,0.1,0.0,0.0,0.05333333333333334,0.05333333333333334,0.5
75,800,500,25.0,2.5,1.5,0.1,500.0,500.0,0.08,0.08,0.5
76,800,500,25.0,2.5,1.5,0.1,500.0,500.0,0.08,0.08,0.5
77,800,500,10.0,3.5,1.5,0.1,0.0,0.0,0.0,0.0,0.5
78,800,500,10.0,3.5,1.5,0.1,0.0,0.0,0.0,0.0,0.5
79,800,500,10.0,3.5,1.5,0.1,0.0,0.0,0.0,0.0,0.5
80,800,500,10.0,3.5,1.5,0.1,0.0,0.0,0.0,0.0,0.5
81,800,500,10.0,3.5,1.5,0.1,0.0,0.0,0.0,0.0,0.5
82,800,500,10.0,3.5,1.5,0.1,0.0,0.0,0.0,0.0,0.5
83,800,500,10.0,3.5,1.5,0.1,0.0,0.0,0.0,0.0,0.5
84,800,500,10.0,3.5,1.5,0.1,0.0,0.0,0.0,0.0,0.5
85,800,500,10.0,3.5,1.5,0.1,0.0,0.0,0.0,0.0,0.5
86,800,500,10.0,3.5,1.5,0.1,0.0,0.0,0.0,0.0,0.5
87,800,500,10.0,3.5,1.5,0.1,0.0,0.0,0.0,0.0,0.5
88,800,500,10.0,3.5,0.5,0.1,0.0,500.0,0.0,0.0,0.5
89,800,500,10.0,3.5,0.5,0.1,0.0,500.0,0.0,0.0,0.5
90,800,500,10.0,3.5,0.5,0.1,0.0,500.0,0.0,0.0,0.5
91,800,500,10.0,3.5,0.5,0.1,0.0,0.0,0.0,0.0,0.5
92,800,500,10.0,3.5,0.5,0.1,0.0,0.0,0.0,0.0,0.5
93,800,500,10.0,3.5,0.5,0.1,0.0,500.0,0.0,0.0,0.5
94,800,500,10.0,3.5,0.5,0.1,0.0,500.0,0.0,0.0,0.5
95,800,500,10.0,3.5,0.5,0.1,0.0,500.0,0.0,0.0,0.5
96,800,500,10.0,3.5,0.5,0.1,0.0,0.0,0.0,0.0,0.5
97,800,500,10.0,3.5,0.5,0.1,0.0,0.0,0.0,0.0,0.5
98,800,500,10.0,3.5,0.5,0.1,0.0,0.0,0.0,0.0,0.5
99,800,500,10.0,1.5,1.25,0.1,0.0,0.0,0.0,0.0,0.5
100,800,500,10.0,1.5,1.25,0.1,0.0,0.0,0.0,0.0,0.5
101,800,500,10.0,1.5,1.25,0.1,0.0,0.0,0.0,0.0,0.5
102,800,500,10.0,1.5,1.25,0.1,0.0,0.0,0.0,0.0,0.5
103,800,500,10.0,1.5,1.25,0.1,0.0,0.0,0.0,0.0,0.5
104,800,500,10.0,1.5,1.25,0.1,0.0,0.0,0.0,0.0,0.5
105,800,500,10.0,1.5,1.25,0.1,0.0,0.0,0.0,0.0,0.5
106,800,500,10.0,1.5,1.25,0.1,0.0,0.0,0.0,0.0,0.5
107,800,500,10.0,1.5,1.25,0.1,7.537688442211049,7.537688442211049,0.05333333333333334,0.05333333333333334,0.5
108,800,500,10.0,1.5,1.25,0.1,0.0,0.0,0.0,0.0,0.5
109,800,500,10.0,1.5,1.25,0.1,0.0,0.0,0.0,0.0,0.5
110,800,500,25.0,3.0,0.25,0.1,0.0,500.0,0.0,0.0,0.5
111,800,500,25.0,3.0,0.25,0.1,0.0,0.0,0.0,0.0,0.5
112,800,500,25.0,3.0,0.25,0.1,0.0,500.0,0.0,0.0,0.5
113,800,500,25.0,3.0,0.25,0.1,0.0,500.0,0.0,0.0,0.5
114,800,500,25.0,3.0,0.25,0.1,0.0,500.0,0.0,0.0,0.5
115,800,500,25.0,3.0,0.25,0.1,0.0,500.0,0.0,0.0,0.5
116,800,500,25.0,3.0,0.25,0.1,0.0,500.0,0.0,0.0,0.5
117,800,500,25.0,3.0,0.25,0.1,0.0,500.0,0.0,0.0,0.5
118,800,500,25.0,3.0,0.25,0.1,0.0,500.0,0.0,0.0,0.5
119,800,500,25.0,3.0,0.25,0.1,0.0,500.0,0.0,0.0,0.5
120,800,500,25.0,3.0,0.25,0.1,0.0,500.0,0.0,0.0,0.5
121,800,500,10.0,2.5,1.0,0.1,0.0,0.0,0.0,0.0,0.5
122,800,500,10.0,2.5,1.0,0.1,0.0,0.0,0.05333333333333334,0.05333333333333334,0.5
123,800,500,10.0,2.5,1.0,0.1,0.0,0.0,0.0,0.0,0.5
124,800,500,10.0,2.5,1.0,0.1,0.0,0.0,0.0,0.0,0.5
125,800,500,10.0,2.5,1.0,0.1,0.0,0.0,0.02666666666666667,0.02666666666666667,0.5
126,800,500,10.0,2.5,1.0,0.1,0.0,0.0,0.0,0.0,0.5
127,800,500,10.0,2.5,1.0,0.1,0.0,0.0,0.0,0.0,0.5
128,800,500,10.0,2.5,1.0,0.1,0.0,0.0,0.08,0.08,0.5
129,800,500,10.0,2.5,1.0,0.1,0.0,0.0,0.0,0.0,0.5
130,800,500,10.0,2.5,1.0,0.1,0.0,0.0,0.0,0.0,0.5
131,800,500,10.0,2.5,1.0,0.1,0.0,0.0,0.0,0.0,0.5
132,800,500,10.0,3.0,1.5,0.1,0.0,0.0,0.0,0.0,0.5
133,800,500,10.0,3.0,1.5,0.1,0.0,0.0,0.0,0.0,0.5
134,800,500,10.0,3.0,1.5,0.1,0.0,0.0,0.0,0.0,0.5
135,800,500,10.0,3.0,1.5,0.1,0.0,0.0,0.0,0.0,0.5
136,800,500,10.0,3.0,1.5,0.1,0.0,0.0,0.0,0.0,0.5
137,800,500,10.0,3.0,1.5,0.1,0.0,0.0,0.0,0.0,0.5
138,800,500,10.0,3.0,1.5,0.1,0.0,0.0,0.0,0.0,0.5
139,800,500,10.0,3.0,1.5,0.1,0.0,0.0,0.0,0.0,0.5
140,800,500,10.0,3.0,1.5,0.1,0.0,0.0,0.0,0.0,0.5
141,800,500,10.0,3.0,1.5,0.1,0.0,0.0,0.0,0.0,0.5
142,800,500,10.0,3.0,1.5,0.1,0.0,0.0,0.0,0.0,0.5
143,800,500,10.0,1.5,0.75,0.1,25.125628140703498,25.125628140703498,0.05333333333333334,0.05333333333333334,0.5
144,800,500,10.0,1.5,0.75,0.1,0.0,0.0,0.0,0.0,0.5
145,800,500,10.0,1.5,0.75,0.1,2.5125628140703498,2.5125628140703498,0.02666666666666667,0.02666666666666667,0.5
146,800,500,10.0,1.5,0.75,0.1,0.0,0.0,0.0,0.0,0.5
147,800,500,10.0,1.5,0.75,0.1,0.0,0.0,0.0,0.0,0.5
148,800,500,10.0,1.5,0.75,0.1,0.0,0.0,0.0,0.0,0.5
149,800,500,10.0,1.5,0.75,0.1,0.0,7.537688442211049,0.02666666666666667,0.02666666666666667,0.5
150,800,500,10.0,1.5,0.75,0.1,0.0,0.0,0.0,0.0,0.5
151,800,500,10.0,1.5,0.75,0.1,0.0,0.0,0.0,0.0,0.5
152,800,500,10.0,1.5,0.75,0.1,0.0,0.0,0.0,0.0,0.5
153,800,500,10.0,1.5,0.75,0.1,0.0,0.0,0.0,0.0,0.5
154,800,500,25.0,3.0,0.5,0.1,500.0,500.0,0.08,0.08,0.5
155,800,500,25.0,3.0,0.5,0.1,0.0,0.0,0.0,0.0,0.5
156,800,500,25.0,3.0,0.5,0.1,0.0,0.0,0.0,0.0,0.5
157,800,500,25.0,3.0,0.5,0.1,0.0,0.0,0.0,0.0,0.5
158,800,500,25.0,3.0,0.5,0.1,0.0,0.0,0.0,0.0,0.5
159,800,500,25.0,3.0,0.5,0.1,0.0,0.0,0.0,0.0,0.5
160,800,500,25.0,3.0,0.5,0.1,266.3316582914573,266.3316582914573,0.08,0.08,0.5
161,800,500,25.0,3.0,0.5,0.1,190.95477386934675,190.95477386934675,0.08,0.08,0.5
162,800,500,25.0,3.0,0.5,0.1,500.0,500.0,0.08,0.08,0.5
163,800,500,25.0,3.0,0.5,0.1,500.0,500.0,0.08,0.08,0.5
164,800,500,25.0,3.0,0.5,0.1,500.0,500.0,0.08,0.08,0.5
165,800,500,25.0,2.0,0.25,0.1,0.0,0.0,0.0,0.0,0.5
166,800,500,25.0,2.0,0.25,0.1,0.0,0.0,0.0,0.0,0.5
167,800,500,25.0,2.0,0.25,0.1,0.0,0.0,0.0,0.0,0.5
168,800,500,25.0,2.0,0.25,0.1,500.0,500.0,0.02666666666666667,0.02666666666666667,0.5
169,800,500,25.0,2.0,0.25,0.1,0.0,0.0,0.0,0.0,0.5
170,800,500,25.0,2.0,0.25,0.1,0.0,0.0,0.0,0.0,0.5
171,800,500,25.0,2.0,0.25,0.1,0.0,0.0,0.0,0.0,0.5
172,800,500,25.0,2.0,0.25,0.1,0.0,0.0,0.0,0.0,0.5
173,800,500,25.0,2.0,0.25,0.1,0.0,0.0,0.0,0.0,0.5
174,800,500,25.0,2.0,0.25,0.1,0.0,0.0,0.0,0.0,0.5
175,800,500,25.0,2.0,0.25,0.1,0.0,0.0,0.0,0.0,0.5
176,800,500,10.0,2.0,1.5,0.1,0.0,0.0,0.0,0.0,0.5
177,800,500,10.0,2.0,1.5,0.1,0.0,0.0,0.0,0.0,0.5
178,800,500,10.0,2.0,1.5,0.1,0.0,0.0,0.0,0.0,0.5
179,800,500,10.0,2.0,1.5,0.1,0.0,0.0,0.0,0.0,0.5
180,800,500,10.0,2.0,1.5,0.1,0.0,0.0,0.0,0.0,0.5
181,800,500,10.0,2.0,1.5,0.1,0.0,0.0,0.0,0.0,0.5
182,800,500,10.0,2.0,1.5,0.1,0.0,0.0,0.0,0.0,0.5
183,800,500,10.0,2.0,1.5,0.1,0.0,0.0,0.0,0.0,0.5
184,800,500,10.0,2.0,1.5,0.1,0.0,0.0,0.0,0.0,0.5
185,800,500,10.0,2.0,1.5,0.1,0.0,0.0,0.0,0.0,0.5
186,800,500,10.0,2.0,1.5,0.1,0.0,0.0,0.0,0.0,0.5
187,800,500,10.0,2.0,1.0,0.1,0.0,0.0,0.0,0.0,0.5
188,800,500,10.0,2.0,1.0,0.1,0.0,0.0,0.0,0.0,0.5
189,800,500,10.0,2.0,1.0,0.1,0.0,0.0,0.0,0.0,0.5
190,800,500,10.0,2.0,1.0,0.1,0.0,0.0,0.0,0.0,0.5
191,800,500,10.0,2.0,1.0,0.1,0.0,0.0,0.0,0.0,0.5
192,800,500,10.0,2.0,1.0,0.1,0.0,0.0,0.0,0.0,0.5
193,800,500,10.0,2.0,1.0,0.1,0.0,0.0,0.02666666666666667,0.02666666666666667,0.5
194,800,500,10.0,2.0,1.0,0.1,0.0,0.0,0.02666666666666667,0.02666666666666667,0.5
195,800,500,10.0,2.0,1.0,0.1,0.0,0.0,0.0,0.0,0.5
196,800,500,10.0,2.0,1.0,0.1,0.0,0.0,0.0,0.0,0.5
197,800,500,10.0,2.0,1.0,0.1,0.0,0.0,0.0,0.0,0.5
198,800,500,25.0,1.5,0.5,0.1,10.050251256281399,10.050251256281399,0.05333333333333334,0.05333333333333334,0.5
199,800,500,25.0,1.5,0.5,0.1,0.0,0.0,0.0,0.0,0.5
200,800,500,25.0,1.5,0.5,0.1,500.0,500.0,0.02666666666666667,0.02666666666666667,0.5
201,800,500,25.0,1.5,0.5,0.1,25.125628140703498,27.638190954773847,0.02666666666666667,0.02666666666666667,0.5
202,800,500,25.0,1.5,0.5,0.1,0.0,0.0,0.0,0.0,0.5
203,800,500,25.0,1.5,0.5,0.1,45.22613065326635,45.22613065326635,0.02666666666666667,0.02666666666666667,0.5
204,800,500,25.0,1.5,0.5,0.1,32.663316582914604,32.663316582914604,0.08,0.08,0.5
205,800,500,25.0,1.5,0.5,0.1,100.5025125628141,97.9899497487437,0.0,0.0,0.5
206,800,500,25.0,1.5,0.5,0.1,7.537688442211049,7.537688442211049,0.08,0.08,0.5
207,800,500,25.0,1.5,0.5,0.1,0.0,0.0,0.0,0.0,0.5
208,800,500,25.0,1.5,0.5,0.1,0.0,0.0,0.0,0.0,0.5
209,800,500,25.0,1.5,1.0,0.1,2.5125628140703498,2.5125628140703498,0.08,0.08,0.5
210,800,500,25.0,1.5,1.0,0.1,25.125628140703498,25.125628140703498,0.05333333333333334,0.05333333333333334,0.5
211,800,500,25.0,1.5,1.0,0.1,30.150753768844197,27.638190954773847,0.0,0.0,0.5
212,800,500,25.0,1.5,1.0,0.1,0.0,0.0,0.0,0.0,0.5
213,800,500,25.0,1.5,1.0,0.1,0.0,0.0,0.02666666666666667,0.02666666666666667,0.5
214,800,500,25.0,1.5,1.0,0.1,62.8140703517588,62.8140703517588,0.05333333333333334,0.05333333333333334,0.5
215,800,500,25.0,1.5,1.0,0.1,2.5125628140703498,2.5125628140703498,0.08,0.08,0.5
216,800,500,25.0,1.5,1.0,0.1,500.0,500.0,0.02666666666666667,0.02666666666666667,0.5
217,800,500,25.0,1.5,1.0,0.1,0.0,0.0,0.0,0.0,0.5
218,800,500,25.0,1.5,1.0,0.1,57.7889447236181,57.7889447236181,0.05333333333333334,0.05333333333333334,0.5
219,800,500,25.0,1.5,1.0,0.1,57.7889447236181,57.7889447236181,0.05333333333333334,0.05333333333333334,0.5
220,800,500,25.0,1.5,0.25,0.1,0.0,0.0,0.0,0.0,0.5
221,800,500,25.0,1.5,0.25,0.1,0.0,0.0,0.0,0.0,0.5
222,800,500,25.0,1.5,0.25,0.1,0.0,0.0,0.0,0.0,0.5
223,800,500,25.0,1.5,0.25,0.1,500.0,500.0,0.02666666666666667,0.02666666666666667,0.5
224,800,500,25.0,1.5,0.25,0.1,500.0,500.0,0.02666666666666667,0.02666666666666667,0.5
225,800,500,25.0,1.5,0.25,0.1,0.0,0.0,0.0,0.0,0.5
226,800,500,25.0,1.5,0.25,0.1,0.0,0.0,0.0,0.0,0.5
227,800,500,25.0,1.5,0.25,0.1,0.0,0.0,0.0,0.0,0.5
228,800,500,25.0,1.5,0.25,0.1,500.0,500.0,0.0,0.0,0.5
229,800,500,25.0,1.5,0.25,0.1,0.0,0.0,0.0,0.0,0.5
230,800,500,25.0,1.5,0.25,0.1,0.0,0.0,0.0,0.0,0.5
231,800,500,10.0,2.5,0.75,0.1,0.0,0.0,0.0,0.0,0.5
232,800,500,10.0,2.5,0.75,0.1,0.0,0.0,0.0,0.0,0.5
233,800,500,10.0,2.5,0.75,0.1,0.0,0.0,0.02666666666666667,0.02666666666666667,0.5
234,800,500,10.0,2.5,0.75,0.1,0.0,0.0,0.0,0.0,0.5
235,800,500,10.0,2.5,0.75,0.1,0.0,0.0,0.0,0.0,0.5
236,800,500,10.0,2.5,0.75,0.1,0.0,0.0,0.0,0.0,0.5
237,800,500,10.0,2.5,0.75,0.1,0.0,0.0,0.0,0.0,0.5
238,800,500,10.0,2.5,0.75,0.1,0.0,0.0,0.02666666666666667,0.02666666666666667,0.5
239,800,500,10.0,2.5,0.75,0.1,0.0,0.0,0.0,0.0,0.5
240,800,500,10.0,2.5,0.75,0.1,0.0,0.0,0.05333333333333334,0.05333333333333334,0.5
241,800,500,10.0,2.5,0.75,0.1,0.0,0.0,0.05333333333333334,0.05333333333333334,0.5
242,800,500,25.0,1.5,0.75,0.1,500.0,500.0,0.05333333333333334,0.05333333333333334,0.5
243,800,500,25.0,1.5,0.75,0.1,500.0,500.0,0.05333333333333334,0.05333333333333334,0.5
244,800,500,25.0,1.5,0.75,0.1,0.0,0.0,0.0,0.0,0.5
245,800,500,25.0,1.5,0.75,0.1,7.537688442211049,7.537688442211049,0.08,0.08,0.5
246,800,500,25.0,1.5,0.75,0.1,0.0,0.0,0.0,0.0,0.5
247,800,500,25.0,1.5,0.75,0.1,500.0,500.0,0.02666666666666667,0.02666666666666667,0.5
248,800,500,25.0,1.5,0.75,0.1,140.7035175879397,135.678391959799,0.05333333333333334,0.05333333333333334,0.5
249,800,500,25.0,1.5,0.75,0.1,500.0,500.0,0.05333333333333334,0.05333333333333334,0.5
250,800,500,25.0,1.5,0.75,0.1,0.0,0.0,0.0,0.0,0.5
251,800,500,25.0,1.5,0.75,0.1,0.0,0.0,0.0,0.0,0.5
252,800,500,25.0,1.5,0.75,0.1,0.0,0.0,0.0,0.0,0.5
253,800,500,25.0,3.5,0.25,0.1,0.0,500.0,0.0,0.0,0.5
254,800,500,25.0,3.5,0.25,0.1,0.0,500.0,0.0,0.0,0.5
255,800,500,25.0,3.5,0.25,0.1,0.0,500.0,0.0,0.0,0.5
256,800,500,25.0,3.5,0.25,0.1,0.0,500.0,0.0,0.0,0.5
257,800,500,25.0,3.5,0.25,0.1,0.0,500.0,0.0,0.0,0.5
258,800,500,25.0,3.5,0.25,0.1,0.0,500.0,0.0,0.0,0.5
259,800,500,25.0,3.5,0.25,0.1,0.0,500.0,0.0,0.0,0.5
260,800,500,25.0,3.5,0.25,0.1,0.0,500.0,0.0,0.0,0.5
261,800,500,25.0,3.5,0.25,0.1,0.0,500.0,0.0,0.0,0.5
262,800,500,25.0,3.5,0.25,0.1,0.0,500.0,0.0,0.0,0.5
263,800,500,25.0,3.5,0.25,0.1,0.0,500.0,0.0,0.0,0.5
264,800,500,10.0,2.5,1.25,0.1,0.0,0.0,0.0,0.0,0.5
265,800,500,10.0,2.5,1.25,0.1,0.0,0.0,0.0,0.0,0.5
266,800,500,10.0,2.5,1.25,0.1,0.0,0.0,0.02666666666666667,0.02666666666666667,0.5
267,800,500,10.0,2.5,1.25,0.1,0.0,0.0,0.0,0.0,0.5
268,800,500,10.0,2.5,1.25,0.1,0.0,0.0,0.0,0.0,0.5
269,800,500,10.0,2.5,1.25,0.1,0.0,0.0,0.0,0.0,0.5
270,800,500,10.0,2.5,1.25,0.1,0.0,0.0,0.02666666666666667,0.02666666666666667,0.5
271,800,500,10.0,2.5,1.25,0.1,0.0,0.0,0.0,0.0,0.5
272,800,500,10.0,2.5,1.25,0.1,0.0,0.0,0.0,0.0,0.5
273,800,500,10.0,2.5,1.25,0.1,0.0,0.0,0.02666666666666667,0.02666666666666667,0.5
274,800,500,10.0,2.5,1.25,0.1,0.0,0.0,0.02666666666666667,0.02666666666666667,0.5
275,800,500,25.0,2.0,0.5,0.1,5.0251256281406995,5.0251256281406995,0.05333333333333334,0.05333333333333334,0.5
276,800,500,25.0,2.0,0.5,0.1,0.0,0.0,0.0,0.0,0.5
277,800,500,25.0,2.0,0.5,0.1,500.0,500.0,0.08,0.08,0.5
278,800,500,25.0,2.0,0.5,0.1,15.075376884422099,15.075376884422099,0.08,0.08,0.5
279,800,500,25.0,2.0,0.5,0.1,0.0,0.0,0.0,0.0,0.5
280,800,500,25.0,2.0,0.5,0.1,500.0,500.0,0.02666666666666667,0.02666666666666667,0.5
281,800,500,25.0,2.0,0.5,0.1,5.0251256281406995,5.0251256281406995,0.05333333333333334,0.05333333333333334,0.5
282,800,500,25.0,2.0,0.5,0.1,27.638190954773847,27.638190954773847,0.08,0.08,0.5
283,800,500,25.0,2.0,0.5,0.1,0.0,0.0,0.0,0.0,0.5
284,800,500,25.0,2.0,0.5,0.1,10.050251256281399,10.050251256281399,0.08,0.08,0.5
285,800,500,25.0,2.0,0.5,0.1,10.050251256281399,10.050251256281399,0.08,0.08,0.5
286,800,500,25.0,2.5,0.5,0.1,0.0,0.0,0.0,0.0,0.5
287,800,500,25.0,2.5,0.5,0.1,0.0,0.0,0.0,0.0,0.5
288,800,500,25.0,2.5,0.5,0.1,500.0,500.0,0.10666666666666667,0.10666666666666667,0.5
289,800,500,25.0,2.5,0.5,0.1,0.0,0.0,0.0,0.0,0.5
290,800,500,25.0,2.5,0.5,0.1,0.0,0.0,0.0,0.0,0.5
291,800,500,25.0,2.5,0.5,0.1,500.0,500.0,0.08,0.08,0.5
292,800,500,25.0,2.5,0.5,0.1,500.0,500.0,0.08,0.08,0.5
293,800,500,25.0,2.5,0.5,0.1,500.0,500.0,0.08,0.08,0.5
294,800,500,25.0,2.5,0.5,0.1,32.663316582914604,32.663316582914604,0.08,0.08,0.5
295,800,500,25.0,2.5,0.5,0.1,500.0,500.0,0.08,0.08,0.5
296,800,500,25.0,2.5,0.5,0.1,500.0,500.0,0.08,0.08,0.5
297,800,500,10.0,3.5,1.25,0.1,0.0,0.0,0.0,0.0,0.5
298,800,500,10.0,3.5,1.25,0.1,0.0,0.0,0.02666666666666667,0.02666666666666667,0.5
299,800,500,10.0,3.5,1.25,0.1,0.0,0.0,0.0,0.0,0.5
300,800,500,10.0,3.5,1.25,0.1,0.0,0.0,0.0,0.0,0.5
301,800,500,10.0,3.5,1.25,0.1,0.0,0.0,0.0,0.0,0.5
302,800,500,10.0,3.5,1.25,0.1,0.0,0.0,0.0,0.0,0.5
303,800,500,10.0,3.5,1.25,0.1,0.0,0.0,0.0,0.0,0.5
304,800,500,10.0,3.5,1.25,0.1,0.0,0.0,0.0,0.0,0.5
305,800,500,10.0,3.5,1.25,0.1,0.0,0.0,0.0,0.0,0.5
306,800,500,10.0,3.5,1.25,0.1,0.0,0.0,0.0,0.0,0.5
307,800,500,10.0,3.5,1.25,0.1,0.0,0.0,0.0,0.0,0.5
308,800,500,10.0,3.5,1.0,0.1,0.0,0.0,0.0,0.0,0.5
309,800,500,10.0,3.5,1.0,0.1,0.0,0.0,0.0,0.0,0.5
310,800,500,10.0,3.5,1.0,0.1,0.0,0.0,0.0,0.0,0.5
311,800,500,10.0,3.5,1.0,0.1,0.0,0.0,0.0,0.0,0.5
312,800,500,10.0,3.5,1.0,0.1,0.0,0.0,0.0,0.0,0.5
313,800,500,10.0,3.5,1.0,0.1,0.0,0.0,0.0,0.0,0.5
314,800,500,10.0,3.5,1.0,0.1,0.0,0.0,0.0,0.0,0.5
315,800,500,10.0,3.5,1.0,0.1,7.537688442211049,7.537688442211049,0.05333333333333334,0.05333333333333334,0.5
316,800,500,10.0,3.5,1.0,0.1,0.0,0.0,0.0,0.0,0.5
317,800,500,10.0,3.5,1.0,0.1,0.0,0.0,0.0,0.0,0.5
318,800,500,10.0,3.5,1.0,0.1,0.0,0.0,0.0,0.0,0.5
319,800,500,10.0,1.5,1.5,0.1,0.0,0.0,0.02666666666666667,0.02666666666666667,0.5
320,800,500,10.0,1.5,1.5,0.1,0.0,0.0,0.0,0.0,0.5
321,800,500,10.0,1.5,1.5,0.1,203.5175879396985,203.5175879396985,0.02666666666666667,0.02666666666666667,0.5
322,800,500,10.0,1.5,1.5,0.1,0.0,0.0,0.0,0.0,0.5
323,800,500,10.0,1.5,1.5,0.1,0.0,0.0,0.0,0.0,0.5
324,800,500,10.0,1.5,1.5,0.1,0.0,0.0,0.0,0.0,0.5
325,800,500,10.0,1.5,1.5,0.1,0.0,0.0,0.0,0.0,0.5
326,800,500,10.0,1.5,1.5,0.1,0.0,0.0,0.0,0.0,0.5
327,800,500,10.0,1.5,1.5,0.1,0.0,0.0,0.0,0.0,0.5
328,800,500,10.0,1.5,1.5,0.1,0.0,0.0,0.0,0.0,0.5
329,800,500,10.0,1.5,1.5,0.1,0.0,0.0,0.0,0.0,0.5
330,800,500,25.0,3.5,1.25,0.1,17.58793969849245,17.58793969849245,0.05333333333333334,0.05333333333333334,0.5
331,800,500,25.0,3.5,1.25,0.1,10.050251256281399,10.050251256281399,0.05333333333333334,0.05333333333333334,0.5
332,800,500,25.0,3.5,1.25,0.1,70.35175879396985,70.35175879396985,0.05333333333333334,0.05333333333333334,0.5
333,800,500,25.0,3.5,1.25,0.1,50.25125628140705,50.25125628140705,0.05333333333333334,0.05333333333333334,0.5
334,800,500,25.0,3.5,1.25,0.1,50.25125628140705,50.25125628140705,0.05333333333333334,0.05333333333333334,0.5
335,800,500,25.0,3.5,1.25,0.1,5.0251256281406995,2.5125628140703498,0.08,0.08,0.5
336,800,500,25.0,3.5,1.25,0.1,133.16582914572865,133.16582914572865,0.08,0.08,0.5
337,800,500,25.0,3.5,1.25,0.1,27.638190954773847,27.638190954773847,0.05333333333333334,0.05333333333333334,0.5
338,800,500,25.0,3.5,1.25,0.1,67.8391959798995,67.8391959798995,0.05333333333333334,0.05333333333333334,0.5
339,800,500,25.0,3.5,1.25,0.1,206.03015075376885,206.03015075376885,0.05333333333333334,0.05333333333333334,0.5
340,800,500,25.0,3.5,1.25,0.1,206.03015075376885,206.03015075376885,0.05333333333333334,0.05333333333333334,0.5
341,800,500,10.0,1.5,0.25,0.1,0.0,0.0,0.0,0.0,0.5
342,800,500,10.0,1.5,0.25,0.1,0.0,0.0,0.0,0.0,0.5
343,800,500,10.0,1.5,0.25,0.1,0.0,0.0,0.0,0.0,0.5
344,800,500,10.0,1.5,0.25,0.1,0.0,0.0,0.0,0.0,0.5
345,800,500,10.0,1.5,0.25,0.1,0.0,0.0,0.0,0.0,0.5
346,800,500,10.0,1.5,0.25,0.1,0.0,0.0,0.0,0.0,0.5
347,800,500,10.0,1.5,0.25,0.1,0.0,0.0,0.0,0.0,0.5
348,800,500,10.0,1.5,0.25,0.1,0.0,0.0,0.0,0.0,0.5
349,800,500,10.0,1.5,0.25,0.1,0.0,0.0,0.0,0.0,0.5
350,800,500,10.0,1.5,0.25,0.1,0.0,0.0,0.0,0.0,0.5
351,800,500,10.0,1.5,0.25,0.1,0.0,0.0,0.0,0.0,0.5
352,800,500,10.0,3.5,0.75,0.1,0.0,0.0,0.0,0.0,0.5
353,800,500,10.0,3.5,0.75,0.1,2.5125628140703498,0.0,0.05333333333333334,0.05333333333333334,0.5
354,800,500,10.0,3.5,0.75,0.1,2.5125628140703498,2.5125628140703498,0.05333333333333334,0.05333333333333334,0.5
355,800,500,10.0,3.5,0.75,0.1,2.5125628140703498,2.5125628140703498,0.05333333333333334,0.05333333333333334,0.5
356,800,500,10.0,3.5,0.75,0.1,0.0,0.0,0.02666666666666667,0.02666666666666667,0.5
357,800,500,10.0,3.5,0.75,0.1,2.5125628140703498,2.5125628140703498,0.02666666666666667,0.02666666666666667,0.5
358,800,500,10.0,3.5,0.75,0.1,0.0,0.0,0.02666666666666667,0.02666666666666667,0.5
359,800,500,10.0,3.5,0.75,0.1,0.0,0.0,0.0,0.0,0.5
360,800,500,10.0,3.5,0.75,0.1,0.0,0.0,0.02666666666666667,0.02666666666666667,0.5
361,800,500,10.0,3.5,0.75,0.1,2.5125628140703498,2.5125628140703498,0.02666666666666667,0.02666666666666667,0.5
362,800,500,10.0,3.5,0.75,0.1,2.5125628140703498,2.5125628140703498,0.02666666666666667,0.02666666666666667,0.5
363,800,500,25.0,2.0,1.25,0.1,0.0,0.0,0.0,0.0,0.5
364,800,500,25.0,2.0,1.25,0.1,0.0,0.0,0.0,0.0,0.5
365,800,500,25.0,2.0,1.25,0.1,500.0,500.0,0.05333333333333334,0.05333333333333334,0.5
366,800,500,25.0,2.0,1.25,0.1,0.0,0.0,0.0,0.0,0.5
367,800,500,25.0,2.0,1.25,0.1,500.0,500.0,0.02666666666666667,0.02666666666666667,0.5
368,800,500,25.0,2.0,1.25,0.1,0.0,0.0,0.05333333333333334,0.05333333333333334,0.5
369,800,500,25.0,2.0,1.25,0.1,0.0,0.0,0.0,0.0,0.5
370,800,500,25.0,2.0,1.25,0.1,0.0,0.0,0.02666666666666667,0.02666666666666667,0.5
371,800,500,25.0,2.0,1.25,0.1,85.42713567839195,85.42713567839195,0.02666666666666667,0.02666666666666667,0.5
372,800,500,25.0,2.0,1.25,0.1,0.0,0.0,0.0,0.0,0.5
373,800,500,25.0,2.0,1.25,0.1,0.0,0.0,0.0,0.0,0.5
374,800,500,10.0,3.0,1.25,0.1,0.0,0.0,0.0,0.0,0.5
375,800,500,10.0,3.0,1.25,0.1,0.0,0.0,0.0,0.0,0.5
376,800,500,10.0,3.0,1.25,0.1,0.0,0.0,0.0,0.0,0.5
377,800,500,10.0,3.0,1.25,0.1,0.0,0.0,0.0,0.0,0.5
378,800,500,10.0,3.0,1.25,0.1,0.0,0.0,0.0,0.0,0.5
379,800,500,10.0,3.0,1.25,0.1,0.0,0.0,0.0,0.0,0.5
380,800,500,10.0,3.0,1.25,0.1,0.0,0.0,0.0,0.0,0.5
381,800,500,10.0,3.0,1.25,0.1,0.0,0.0,0.0,0.0,0.5
382,800,500,10.0,3.0,1.25,0.1,0.0,0.0,0.02666666666666667,0.02666666666666667,0.5
383,800,500,10.0,3.0,1.25,0.1,0.0,0.0,0.0,0.0,0.5
384,800,500,10.0,3.0,1.25,0.1,0.0,0.0,0.0,0.0,0.5
385,800,500,25.0,3.0,1.5,0.1,0.0,0.0,0.0,0.0,0.5
386,800,500,25.0,3.0,1.5,0.1,0.0,0.0,0.0,0.0,0.5
387,800,500,25.0,3.0,1.5,0.1,10.050251256281399,10.050251256281399,0.05333333333333334,0.05333333333333334,0.5
388,800,500,25.0,3.0,1.5,0.1,500.0,500.0,0.08,0.08,0.5
389,800,500,25.0,3.0,1.5,0.1,70.35175879396985,70.35175879396985,0.05333333333333334,0.05333333333333334,0.5
390,800,500,25.0,3.0,1.5,0.1,50.25125628140705,50.25125628140705,0.05333333333333334,0.05333333333333334,0.5
391,800,500,25.0,3.0,1.5,0.1,80.40201005025125,80.40201005025125,0.05333333333333334,0.05333333333333334,0.5
392,800,500,25.0,3.0,1.5,0.1,0.0,0.0,0.02666666666666667,0.02666666666666667,0.5
393,800,500,25.0,3.0,1.5,0.1,80.40201005025125,80.40201005025125,0.05333333333333334,0.05333333333333334,0.5
394,800,500,25.0,3.0,1.5,0.1,27.638190954773847,27.638190954773847,0.05333333333333334,0.05333333333333334,0.5
395,800,500,25.0,3.0,1.5,0.1,27.638190954773847,27.638190954773847,0.05333333333333334,0.05333333333333334,0.5
396,800,500,25.0,3.5,0.75,0.1,226.1306532663317,226.1306532663317,0.08,0.08,0.5
397,800,500,25.0,3.5,0.75,0.1,87.9396984924623,87.9396984924623,0.08,0.08,0.5
398,800,500,25.0,3.5,0.75,0.1,82.9145728643216,82.9145728643216,0.08,0.08,0.5
399,800,500,25.0,3.5,0.75,0.1,291.4572864321608,293.9698492462312,0.08,0.08,0.5
400,800,500,25.0,3.5,0.75,0.1,500.0,500.0,0.08,0.08,0.5
401,800,500,25.0,3.5,0.75,0.1,138.19095477386935,138.19095477386935,0.08,0.08,0.5
402,800,500,25.0,3.5,0.75,0.1,120.6030150753769,120.6030150753769,0.08,0.08,0.5
403,800,500,25.0,3.5,0.75,0.1,221.105527638191,221.105527638191,0.08,0.08,0.5
404,800,500,25.0,3.5,0.75,0.1,70.35175879396985,70.35175879396985,0.08,0.08,0.5
405,800,500,25.0,3.5,0.75,0.1,185.92964824120605,185.92964824120605,0.08,0.08,0.5
406,800,500,25.0,3.5,0.75,0.1,185.92964824120605,185.92964824120605,0.08,0.08,0.5
407,800,500,10.0,2.5,0.5,0.1,0.0,0.0,0.0,0.0,0.5
408,800,500,10.0,2.5,0.5,0.1,0.0,0.0,0.0,0.0,0.5
409,800,500,10.0,2.5,0.5,0.1,62.8140703517588,62.8140703517588,0.0,0.0,0.5
410,800,500,10.0,2.5,0.5,0.1,0.0,0.0,0.05333333333333334,0.05333333333333334,0.5
411,800,500,10.0,2.5,0.5,0.1,17.58793969849245,17.58793969849245,0.05333333333333334,0.05333333333333334,0.5
412,800,500,10.0,2.5,0.5,0.1,0.0,0.0,0.0,0.0,0.5
413,800,500,10.0,2.5,0.5,0.1,0.0,0.0,0.0,0.0,0.5
414,800,500,10.0,2.5,0.5,0.1,77.8894472361809,77.8894472361809,0.08,0.08,0.5
415,800,500,10.0,2.5,0.5,0.1,0.0,0.0,0.0,0.0,0.5
416,800,500,10.0,2.5,0.5,0.1,15.075376884422099,15.075376884422099,0.08,0.08,0.5
417,800,500,10.0,2.5,0.5,0.1,15.075376884422099,15.075376884422099,0.08,0.08,0.5
418,800,500,10.0,2.0,0.25,0.1,0.0,0.0,0.0,0.0,0.5
419,800,500,10.0,2.0,0.25,0.1,0.0,0.0,0.0,0.0,0.5
420,800,500,10.0,2.0,0.25,0.1,0.0,0.0,0.0,0.0,0.5
421,800,500,10.0,2.0,0.25,0.1,0.0,0.0,0.0,0.0,0.5
422,800,500,10.0,2.0,0.25,0.1,0.0,0.0,0.0,0.0,0.5
423,800,500,10.0,2.0,0.25,0.1,0.0,0.0,0.0,0.0,0.5
424,800,500,10.0,2.0,0.25,0.1,0.0,0.0,0.0,0.0,0.5
425,800,500,10.0,2.0,0.25,0.1,0.0,0.0,0.0,0.0,0.5
426,800,500,10.0,2.0,0.25,0.1,0.0,0.0,0.0,0.0,0.5
427,800,500,10.0,2.0,0.25,0.1,0.0,0.0,0.0,0.0,0.5
428,800,500,10.0,2.0,0.25,0.1,0.0,0.0,0.0,0.0,0.5
429,800,500,25.0,3.5,0.5,0.1,0.0,0.0,0.0,0.0,0.5
430,800,500,25.0,3.5,0.5,0.1,160.8040201005025,160.8040201005025,0.08,0.08,0.5
431,800,500,25.0,3.5,0.5,0.1,500.0,500.0,0.08,0.08,0.5
432,800,500,25.0,3.5,0.5,0.1,0.0,500.0,0.0,0.0,0.5
433,800,500,25.0,3.5,0.5,0.1,7.537688442211049,7.537688442211049,0.02666666666666667,0.02666666666666667,0.5
434,800,500,25.0,3.5,0.5,0.1,0.0,500.0,0.0,0.0,0.5
435,800,500,25.0,3.5,0.5,0.1,148.2412060301508,148.2412060301508,0.08,0.08,0.5
436,800,500,25.0,3.5,0.5,0.1,188.4422110552764,188.4422110552764,0.08,0.08,0.5
437,800,500,25.0,3.5,0.5,0.1,0.0,500.0,0.0,0.0,0.5
438,800,500,25.0,3.5,0.5,0.1,221.105527638191,221.105527638191,0.08,0.08,0.5
439,800,500,25.0,3.5,0.5,0.1,221.105527638191,221.105527638191,0.08,0.08,0.5
440,800,500,10.0,2.0,0.75,0.1,0.0,0.0,0.0,0.0,0.5
441,800,500,10.0,2.0,0.75,0.1,0.0,0.0,0.0,0.0,0.5
442,800,500,10.0,2.0,0.75,0.1,0.0,0.0,0.0,0.0,0.5
443,800,500,10.0,2.0,0.75,0.1,0.0,0.0,0.0,0.0,0.5
444,800,500,10.0,2.0,0.75,0.1,0.0,0.0,0.0,0.0,0.5
445,800,500,10.0,2.0,0.75,0.1,0.0,0.0,0.0,0.0,0.5
446,800,500,10.0,2.0,0.75,0.1,0.0,0.0,0.0,0.0,0.5
447,800,500,10.0,2.0,0.75,0.1,0.0,0.0,0.0,0.0,0.5
448,800,500,10.0,2.0,0.75,0.1,0.0,0.0,0.0,0.0,0.5
449,800,500,10.0,2.0,0.75,0.1,0.0,0.0,0.0,0.0,0.5
450,800,500,10.0,2.0,0.75,0.1,0.0,0.0,0.0,0.0,0.5
451,800,500,10.0,2.5,1.5,0.1,0.0,0.0,0.0,0.0,0.5
452,800,500,10.0,2.5,1.5,0.1,0.0,0.0,0.0,0.0,0.5
453,800,500,10.0,2.5,1.5,0.1,0.0,0.0,0.0,0.0,0.5
454,800,500,10.0,2.5,1.5,0.1,0.0,0.0,0.0,0.0,0.5
455,800,500,10.0,2.5,1.5,0.1,0.0,0.0,0.0,0.0,0.5
456,800,500,10.0,2.5,1.5,0.1,0.0,0.0,0.0,0.0,0.5
457,800,500,10.0,2.5,1.5,0.1,0.0,0.0,0.0,0.0,0.5
458,800,500,10.0,2.5,1.5,0.1,0.0,0.0,0.0,0.0,0.5
459,800,500,10.0,2.5,1.5,0.1,0.0,0.0,0.0,0.0,0.5
460,800,500,10.0,2.5,1.5,0.1,0.0,0.0,0.0,0.0,0.5
461,800,500,10.0,2.5,1.5,0.1,0.0,0.0,0.0,0.0,0.5
462,800,500,25.0,2.5,1.0,0.1,7.537688442211049,7.537688442211049,0.05333333333333334,0.05333333333333334,0.5
463,800,500,25.0,2.5,1.0,0.1,160.8040201005025,160.8040201005025,0.05333333333333334,0.05333333333333334,0.5
464,800,500,25.0,2.5,1.0,0.1,125.6281407035176,125.6281407035176,0.05333333333333334,0.05333333333333334,0.5
465,800,500,25.0,2.5,1.0,0.1,0.0,0.0,0.02666666666666667,0.02666666666666667,0.5
466,800,500,25.0,2.5,1.0,0.1,32.663316582914604,32.663316582914604,0.05333333333333334,0.05333333333333334,0.5
467,800,500,25.0,2.5,1.0,0.1,0.0,0.0,0.0,0.0,0.5
468,800,500,25.0,2.5,1.0,0.1,128.14070351758795,128.14070351758795,0.05333333333333334,0.05333333333333334,0.5
469,800,500,25.0,2.5,1.0,0.1,17.58793969849245,17.58793969849245,0.08,0.08,0.5
470,800,500,25.0,2.5,1.0,0.1,500.0,500.0,0.08,0.08,0.5
471,800,500,25.0,2.5,1.0,0.1,5.0251256281406995,5.0251256281406995,0.08,0.08,0.5
472,800,500,25.0,2.5,1.0,0.1,5.0251256281406995,5.0251256281406995,0.08,0.08,0.5
473,800,500,10.0,3.0,0.5,0.1,0.0,0.0,0.0,0.0,0.5
474,800,500,10.0,3.0,0.5,0.1,0.0,0.0,0.0,0.0,0.5
475,800,500,10.0,3.0,0.5,0.1,0.0,0.0,0.0,0.0,0.5
476,800,500,10.0,3.0,0.5,0.1,0.0,0.0,0.0,0.0,0.5
477,800,500,10.0,3.0,0.5,0.1,0.0,0.0,0.0,0.0,0.5
478,800,500,10.0,3.0,0.5,0.1,0.0,0.0,0.0,0.0,0.5
479,800,500,10.0,3.0,0.5,0.1,0.0,0.0,0.0,0.0,0.5
480,800,500,10.0,3.0,0.5,0.1,0.0,0.0,0.0,0.0,0.5
481,800,500,10.0,3.0,0.5,0.1,0.0,0.0,0.0,0.0,0.5
482,800,500,10.0,3.0,0.5,0.1,0.0,0.0,0.0,0.0,0.5
483,800,500,10.0,3.0,0.5,0.1,0.0,0.0,0.0,0.0,0.5
484,800,500,25.0,3.0,0.75,0.1,32.663316582914604,32.663316582914604,0.08,0.08,0.5
485,800,500,25.0,3.0,0.75,0.1,211.0552763819096,211.0552763819096,0.08,0.08,0.5
486,800,500,25.0,3.0,0.75,0.1,281.4070351758794,281.4070351758794,0.08,0.08,0.5
487,800,500,25.0,3.0,0.75,0.1,188.4422110552764,188.4422110552764,0.08,0.08,0.5
488,800,500,25.0,3.0,0.75,0.1,62.8140703517588,60.30150753768845,0.08,0.08,0.5
489,800,500,25.0,3.0,0.75,0.1,201.00502512562815,201.00502512562815,0.08,0.08,0.5
490,800,500,25.0,3.0,0.75,0.1,0.0,0.0,0.05333333333333334,0.05333333333333334,0.5
491,800,500,25.0,3.0,0.75,0.1,500.0,500.0,0.08,0.08,0.5
492,800,500,25.0,3.0,0.75,0.1,296.4824120603016,283.9195979899498,0.08,0.08,0.5
493,800,500,25.0,3.0,0.75,0.1,118.09045226130655,118.09045226130655,0.08,0.08,0.5
494,800,500,25.0,3.0,0.75,0.1,118.09045226130655,118.09045226130655,0.08,0.08,0.5
495,800,500,10.0,3.0,1.0,0.1,0.0,0.0,0.0,0.0,0.5
496,800,500,10.0,3.0,1.0,0.1,0.0,0.0,0.0,0.0,0.5
497,800,500,10.0,3.0,1.0,0.1,0.0,0.0,0.0,0.0,0.5
498,800,500,10.0,3.0,1.0,0.1,0.0,0.0,0.05333333333333334,0.05333333333333334,0.5
499,800,500,10.0,3.0,1.0,0.1,0.0,0.0,0.0,0.0,0.5
500,800,500,10.0,3.0,1.0,0.1,0.0,0.0,0.0,0.0,0.5
501,800,500,10.0,3.0,1.0,0.1,0.0,0.0,0.0,0.0,0.5
502,800,500,10.0,3.0,1.0,0.1,0.0,0.0,0.0,0.0,0.5
503,800,500,10.0,3.0,1.0,0.1,0.0,0.0,0.02666666666666667,0.02666666666666667,0.5
504,800,500,10.0,3.0,1.0,0.1,0.0,0.0,0.02666666666666667,0.02666666666666667,0.5
505,800,500,10.0,3.0,1.0,0.1,0.0,0.0,0.02666666666666667,0.02666666666666667,0.5
506,800,500,25.0,1.5,1.25,0.1,0.0,0.0,0.0,0.0,0.5
507,800,500,25.0,1.5,1.25,0.1,500.0,500.0,0.05333333333333334,0.05333333333333334,0.5
508,800,500,25.0,1.5,1.25,0.1,500.0,500.0,0.05333333333333334,0.05333333333333334,0.5
509,800,500,25.0,1.5,1.25,0.1,500.0,500.0,0.0,0.0,0.5
510,800,500,25.0,1.5,1.25,0.1,0.0,0.0,0.05333333333333334,0.05333333333333334,0.5
511,800,500,25.0,1.5,1.25,0.1,2.5125628140703498,2.5125628140703498,0.0,0.0,0.5
512,800,500,25.0,1.5,1.25,0.1,0.0,0.0,0.0,0.0,0.5
513,800,500,25.0,1.5,1.25,0.1,0.0,0.0,0.02666666666666667,0.02666666666666667,0.5
514,800,500,25.0,1.5,1.25,0.1,0.0,0.0,0.0,0.0,0.5
515,800,500,25.0,1.5,1.25,0.1,500.0,500.0,0.05333333333333334,0.05333333333333334,0.5
516,800,500,25.0,1.5,1.25,0.1,500.0,500.0,0.05333333333333334,0.05333333333333334,0.5
517,800,500,10.0,2.0,0.5,0.1,0.0,0.0,0.0,0.0,0.5
518,800,500,10.0,2.0,0.5,0.1,0.0,0.0,0.0,0.0,0.5
519,800,500,10.0,2.0,0.5,0.1,0.0,0.0,0.0,0.0,0.5
520,800,500,10.0,2.0,0.5,0.1,0.0,0.0,0.02666666666666667,0.02666666666666667,0.5
521,800,500,10.0,2.0,0.5,0.1,0.0,0.0,0.0,0.0,0.5
522,800,500,10.0,2.0,0.5,0.1,0.0,0.0,0.0,0.0,0.5
523,800,500,10.0,2.0,0.5,0.1,30.150753768844197,30.150753768844197,0.08,0.08,0.5
524,800,500,10.0,2.0,0.5,0.1,0.0,0.0,0.0,0.0,0.5
525,800,500,10.0,2.0,0.5,0.1,32.663316582914604,32.663316582914604,0.05333333333333334,0.05333333333333334,0.5
526,800,500,10.0,2.0,0.5,0.1,0.0,0.0,0.0,0.0,0.5
527,800,500,10.0,2.0,0.5,0.1,0.0,0.0,0.0,0.0,0.5
528,800,500,25.0,2.0,1.5,0.1,500.0,500.0,0.05333333333333334,0.05333333333333334,0.5
529,800,500,25.0,2.0,1.5,0.1,500.0,500.0,0.08,0.08,0.5
530,800,500,25.0,2.0,1.5,0.1,0.0,0.0,0.0,0.0,0.5
531,800,500,25.0,2.0,1.5,0.1,170.8542713567839,170.8542713567839,0.02666666666666667,0.02666666666666667,0.5
532,800,500,25.0,2.0,1.5,0.1,0.0,0.0,0.0,0.0,0.5
533,800,500,25.0,2.0,1.5,0.1,0.0,0.0,0.02666666666666667,0.02666666666666667,0.5
534,800,500,25.0,2.0,1.5,0.1,0.0,0.0,0.0,0.0,0.5
535,800,500,25.0,2.0,1.5,0.1,0.0,0.0,0.0,0.0,0.5
536,800,500,25.0,2.0,1.5,0.1,500.0,500.0,0.0,0.0,0.5
537,800,500,25.0,2.0,1.5,0.1,40.20100502512565,42.713567839196,0.05333333333333334,0.05333333333333334,0.5
538,800,500,25.0,2.0,1.5,0.1,40.20100502512565,42.713567839196,0.05333333333333334,0.05333333333333334,0.5
539,800,500,25.0,3.0,1.0,0.1,100.5025125628141,100.5025125628141,0.08,0.08,0.5
540,800,500,25.0,3.0,1.0,0.1,87.9396984924623,87.9396984924623,0.05333333333333334,0.05333333333333334,0.5
541,800,500,25.0,3.0,1.0,0.1,500.0,500.0,0.08,0.08,0.5
542,800,500,25.0,3.0,1.0,0.1,45.22613065326635,45.22613065326635,0.05333333333333334,0.05333333333333334,0.5
543,800,500,25.0,3.0,1.0,0.1,120.6030150753769,120.6030150753769,0.08,0.08,0.5
544,800,500,25.0,3.0,1.0,0.1,52.7638190954774,52.7638190954774,0.05333333333333334,0.05333333333333334,0.5
545,800,500,25.0,3.0,1.0,0.1,32.663316582914604,32.663316582914604,0.02666666666666667,0.02666666666666667,0.5
546,800,500,25.0,3.0,1.0,0.1,140.7035175879397,140.7035175879397,0.08,0.08,0.5
547,800,500,25.0,3.0,1.0,0.1,178.391959798995,178.391959798995,0.05333333333333334,0.05333333333333334,0.5
548,800,500,25.0,3.0,1.0,0.1,12.562814070351749,12.562814070351749,0.05333333333333334,0.05333333333333334,0.5
549,800,500,25.0,3.0,1.0,0.1,12.562814070351749,12.562814070351749,0.05333333333333334,0.05333333333333334,0.5
550,800,500,25.0,2.0,1.0,0.1,0.0,0.0,0.02666666666666667,0.02666666666666667,0.5
551,800,500,25.0,2.0,1.0,0.1,0.0,0.0,0.0,0.0,0.5
552,800,500,25.0,2.0,1.0,0.1,5.0251256281406995,5.0251256281406995,0.08,0.08,0.5
553,800,500,25.0,2.0,1.0,0.1,2.5125628140703498,2.5125628140703498,0.02666666666666667,0.02666666666666667,0.5
554,800,500,25.0,2.0,1.0,0.1,0.0,0.0,0.0,0.0,0.5
555,800,500,25.0,2.0,1.0,0.1,500.0,500.0,0.05333333333333334,0.05333333333333334,0.5
556,800,500,25.0,2.0,1.0,0.1,0.0,0.0,0.02666666666666667,0.02666666666666667,0.5
557,800,500,25.0,2.0,1.0,0.1,500.0,500.0,0.05333333333333334,0.05333333333333334,0.5
558,800,500,25.0,2.0,1.0,0.1,0.0,0.0,0.05333333333333334,0.05333333333333334,0.5
559,800,500,25.0,2.0,1.0,0.1,2.5125628140703498,2.5125628140703498,0.05333333333333334,0.05333333333333334,0.5
560,800,500,25.0,2.0,1.0,0.1,2.5125628140703498,2.5125628140703498,0.05333333333333334,0.05333333333333334,0.5
561,800,500,10.0,1.5,1.0,0.1,0.0,0.0,0.0,0.0,0.5
562,800,500,10.0,1.5,1.0,0.1,0.0,0.0,0.0,0.0,0.5
563,800,500,10.0,1.5,1.0,0.1,0.0,0.0,0.0,0.0,0.5
564,800,500,10.0,1.5,1.0,0.1,0.0,0.0,0.02666666666666667,0.02666666666666667,0.5
565,800,500,10.0,1.5,1.0,0.1,0.0,0.0,0.0,0.0,0.5
566,800,500,10.0,1.5,1.0,0.1,0.0,0.0,0.0,0.0,0.5
567,800,500,10.0,1.5,1.0,0.1,0.0,0.0,0.0,0.0,0.5
568,800,500,10.0,1.5,1.0,0.1,0.0,0.0,0.0,0.0,0.5
569,800,500,10.0,1.5,1.0,0.1,0.0,0.0,0.0,0.0,0.5
570,800,500,10.0,1.5,1.0,0.1,0.0,0.0,0.0,0.0,0.5
571,800,500,10.0,1.5,1.0,0.1,0.0,0.0,0.0,0.0,0.5
572,800,500,25.0,1.5,1.5,0.1,30.150753768844197,30.150753768844197,0.02666666666666667,0.02666666666666667,0.5
573,800,500,25.0,1.5,1.5,0.1,0.0,0.0,0.0,0.0,0.5
574,800,500,25.0,1.5,1.5,0.1,0.0,0.0,0.0,0.0,0.5
575,800,500,25.0,1.5,1.5,0.1,0.0,0.0,0.0,0.0,0.5
576,800,500,25.0,1.5,1.5,0.1,500.0,500.0,0.02666666666666667,0.02666666666666667,0.5
577,800,500,25.0,1.5,1.5,0.1,500.0,500.0,0.05333333333333334,0.05333333333333334,0.5
578,800,500,25.0,1.5,1.5,0.1,0.0,0.0,0.0,0.0,0.5
579,800,500,25.0,1.5,1.5,0.1,0.0,0.0,0.02666666666666667,0.02666666666666667,0.5
580,800,500,25.0,1.5,1.5,0.1,0.0,0.0,0.0,0.0,0.5
581,800,500,25.0,1.5,1.5,0.1,0.0,0.0,0.0,0.0,0.5
582,800,500,25.0,1.5,1.5,0.1,0.0,0.0,0.0,0.0,0.5
583,800,500,25.0,2.5,1.25,0.1,178.391959798995,178.391959798995,0.05333333333333334,0.05333333333333334,0.5
584,800,500,25.0,2.5,1.25,0.1,218.5929648241206,218.5929648241206,0.05333333333333334,0.05333333333333334,0.5
585,800,500,25.0,2.5,1.25,0.1,57.7889447236181,57.7889447236181,0.05333333333333334,0.05333333333333334,0.5
586,800,500,25.0,2.5,1.25,0.1,7.537688442211049,7.537688442211049,0.08,0.08,0.5
587,800,500,25.0,2.5,1.25,0.1,45.22613065326635,45.22613065326635,0.05333333333333334,0.05333333333333334,0.5
588,800,500,25.0,2.5,1.25,0.1,0.0,0.0,0.0,0.0,0.5
589,800,500,25.0,2.5,1.25,0.1,500.0,500.0,0.05333333333333334,0.05333333333333334,0.5
590,800,500,25.0,2.5,1.25,0.1,12.562814070351749,12.562814070351749,0.05333333333333334,0.05333333333333334,0.5
591,800,500,25.0,2.5,1.25,0.1,0.0,0.0,0.02666666666666667,0.02666666666666667,0.5
592,800,500,25.0,2.5,1.25,0.1,27.638190954773847,25.125628140703498,0.08,0.08,0.5
593,800,500,25.0,2.5,1.25,0.1,27.638190954773847,25.125628140703498,0.08,0.08,0.5
594,800,500,10.0,3.0,0.75,0.1,0.0,0.0,0.0,0.0,0.5
595,800,500,10.0,3.0,0.75,0.1,12.562814070351749,12.562814070351749,0.05333333333333334,0.05333333333333334,0.5
596,800,500,10.0,3.0,0.75,0.1,0.0,0.0,0.0,0.0,0.5
597,800,500,10.0,3.0,0.75,0.1,0.0,0.0,0.02666666666666667,0.02666666666666667,0.5
598,800,500,10.0,3.0,0.75,0.1,0.0,0.0,0.08,0.08,0.5
599,800,500,10.0,3.0,0.75,0.1,0.0,0.0,0.0,0.0,0.5
600,800,500,10.0,3.0,0.75,0.1,0.0,0.0,0.0,0.0,0.5
601,800,500,10.0,3.0,0.75,0.1,0.0,0.0,0.02666666666666667,0.02666666666666667,0.5
602,800,500,10.0,3.0,0.75,0.1,0.0,0.0,0.02666666666666667,0.02666666666666667,0.5
603,800,500,10.0,3.0,0.75,0.1,12.562814070351749,12.562814070351749,0.05333333333333334,0.05333333333333334,0.5
604,800,500,10.0,3.0,0.75,0.1,12.562814070351749,12.562814070351749,0.05333333333333334,0.05333333333333334,0.5
605,800,500,25.0,2.5,0.75,0.1,500.0,500.0,0.08,0.08,0.5
606,800,500,25.0,2.5,0.75,0.1,168.3417085427136,168.3417085427136,0.08,0.08,0.5
607,800,500,25.0,2.5,0.75,0.1,17.58793969849245,17.58793969849245,0.02666666666666667,0.02666666666666667,0.5
608,800,500,25.0,2.5,0.75,0.1,0.0,17.58793969849245,0.05333333333333334,0.05333333333333334,0.5
609,800,500,25.0,2.5,0.75,0.1,10.050251256281399,10.050251256281399,0.08,0.08,0.5
610,800,500,25.0,2.5,0.75,0.1,87.9396984924623,85.42713567839195,0.05333333333333334,0.05333333333333334,0.5
611,800,500,25.0,2.5,0.75,0.1,27.638190954773847,27.638190954773847,0.08,0.08,0.5
612,800,500,25.0,2.5,0.75,0.1,15.075376884422099,15.075376884422099,0.05333333333333334,0.05333333333333334,0.5
613,800,500,25.0,2.5,0.75,0.1,500.0,500.0,0.05333333333333334,0.05333333333333334,0.5
614,800,500,25.0,2.5,0.75,0.1,22.613065326633148,22.613065326633148,0.05333333333333334,0.05333333333333334,0.5
615,800,500,25.0,2.5,0.75,0.1,22.613065326633148,22.613065326633148,0.05333333333333334,0.05333333333333334,0.5
616,800,500,25.0,3.5,1.5,0.1,208.5427135678392,206.03015075376885,0.05333333333333334,0.05333333333333334,0.5
617,800,500,25.0,3.5,1.5,0.1,50.25125628140705,50.25125628140705,0.05333333333333334,0.05333333333333334,0.5
618,800,500,25.0,3.5,1.5,0.1,0.0,0.0,0.02666666666666667,0.02666666666666667,0.5
619,800,500,25.0,3.5,1.5,0.1,35.1758793969849,35.1758793969849,0.05333333333333334,0.05333333333333334,0.5
620,800,500,25.0,3.5,1.5,0.1,15.075376884422099,15.075376884422099,0.05333333333333334,0.05333333333333334,0.5
621,800,500,25.0,3.5,1.5,0.1,105.5276381909548,105.5276381909548,0.05333333333333334,0.05333333333333334,0.5
622,800,500,25.0,3.5,1.5,0.1,57.7889447236181,57.7889447236181,0.02666666666666667,0.02666666666666667,0.5
623,800,500,25.0,3.5,1.5,0.1,5.0251256281406995,5.0251256281406995,0.02666666666666667,0.02666666666666667,0.5
624,800,500,25.0,3.5,1.5,0.1,0.0,0.0,0.0,0.0,0.5
625,800,500,25.0,3.5,1.5,0.1,0.0,0.0,0.0,0.0,0.5
626,800,500,25.0,3.5,1.5,0.1,0.0,0.0,0.0,0.0,0.5
627,800,500,25.0,2.5,0.25,0.1,0.0,0.0,0.0,0.0,0.5
628,800,500,25.0,2.5,0.25,0.1,0.0,0.0,0.0,0.0,0.5
629,800,500,25.0,2.5,0.25,0.1,0.0,0.0,0.0,0.0,0.5
630,800,500,25.0,2.5,0.25,0.1,0.0,500.0,0.0,0.0,0.5
631,800,500,25.0,2.5,0.25,0.1,0.0,0.0,0.0,0.0,0.5
632,800,500,25.0,2.5,0.25,0.1,0.0,0.0,0.0,0.0,0.5
633,800,500,25.0,2.5,0.25,0.1,0.0,0.0,0.0,0.0,0.5
634,800,500,25.0,2.5,0.25,0.1,0.0,0.0,0.0,0.0,0.5
635,800,500,25.0,2.5,0.25,0.1,0.0,0.0,0.0,0.0,0.5
636,800,500,25.0,2.5,0.25,0.1,0.0,0.0,0.0,0.0,0.5
637,800,500,25.0,2.5,0.25,0.1,0.0,0.0,0.0,0.0,0.5
638,800,500,25.0,3.5,1.0,0.1,97.9899497487437,97.9899497487437,0.08,0.08,0.5
639,800,500,25.0,3.5,1.0,0.1,42.713567839196,42.713567839196,0.05333333333333334,0.05333333333333334,0.5
640,800,500,25.0,3.5,1.0,0.1,178.391959798995,178.391959798995,0.08,0.08,0.5
641,800,500,25.0,3.5,1.0,0.1,288.9447236180904,288.9447236180904,0.08,0.08,0.5
642,800,500,25.0,3.5,1.0,0.1,55.27638190954775,55.27638190954775,0.05333333333333334,0.05333333333333334,0.5
643,800,500,25.0,3.5,1.0,0.1,90.4522613065327,90.4522613065327,0.08,0.08,0.5
644,800,500,25.0,3.5,1.0,0.1,37.6884422110553,37.6884422110553,0.05333333333333334,0.05333333333333334,0.5
645,800,500,25.0,3.5,1.0,0.1,2.5125628140703498,2.5125628140703498,0.05333333333333334,0.05333333333333334,0.5
646,800,500,25.0,3.5,1.0,0.1,62.8140703517588,62.8140703517588,0.05333333333333334,0.05333333333333334,0.5
647,800,500,25.0,3.5,1.0,0.1,57.7889447236181,55.27638190954775,0.05333333333333334,0.05333333333333334,0.5
648,800,500,25.0,3.5,1.0,0.1,57.7889447236181,55.27638190954775,0.05333333333333334,0.05333333333333334,0.5
649,800,500,10.0,1.5,0.5,0.1,0.0,0.0,0.05333333333333334,0.05333333333333334,0.5
650,800,500,10.0,1.5,0.5,0.1,0.0,0.0,0.0,0.0,0.5
651,800,500,10.0,1.5,0.5,0.1,0.0,0.0,0.0,0.0,0.5
652,800,500,10.0,1.5,0.5,0.1,0.0,0.0,0.0,0.0,0.5
653,800,500,10.0,1.5,0.5,0.1,12.562814070351749,12.562814070351749,0.05333333333333334,0.05333333333333334,0.5
654,800,500,10.0,1.5,0.5,0.1,0.0,0.0,0.02666666666666667,0.02666666666666667,0.5
655,800,500,10.0,1.5,0.5,0.1,0.0,0.0,0.0,0.0,0.5
656,800,500,10.0,1.5,0.5,0.1,153.2663316582915,153.2663316582915,0.02666666666666667,0.02666666666666667,0.5
657,800,500,10.0,1.5,0.5,0.1,5.0251256281406995,5.0251256281406995,0.08,0.08,0.5
658,800,500,10.0,1.5,0.5,0.1,0.0,0.0,0.0,0.0,0.5
659,800,500,10.0,1.5,0.5,0.1,0.0,0.0,0.0,0.0,0.5
